Actual Values,Predicted Values
4.0,3.8768075
5.0,5.0180597
6.0,6.0810857
7.0,7.1009064
8.0,8.100627
9.0,9.093058
10.0,10.084015
11.0,11.0756855
12.0,12.068722
13.0,13.063231
