Actual Values,Predicted Values
4.0,3.5763154
5.0,4.692704
6.0,5.7499967
7.0,6.7747607
8.0,7.784648
9.0,8.789032
10.0,9.792104
11.0,10.795512
12.0,11.799819
13.0,12.805185
